{"root":12,"list":[13.300000190734863,14.399999618530273,15.5],"text":"textgoeshere","object":{"val1":99,"val2":false,"val3":null,"val4":[{"obj2":99.4000015258789,"obj1":12},{"obj2":932.4000244140625,"obj1":123},{"obj1":54,"obj2":76.4000015258789}]}}